,pkgname,ecosystem,count_deps,count_total
149,grpc,"['conan', 'homebrew', 'npm', 'vcpkg']","[7, 4, 24502, 3]",24516
521,devel/ninja,"['freebsd12', 'openbsd69']","[2609, 428]",3037
62,bebop,"['cargo', 'npm']","[0, 833]",833
252,markdown-clj,"['clojars', 'npm']","[635, 0]",635
212,clj-fuzzy,"['clojars', 'npm']","[551, 38]",589
146,wasmtime,"['cargo', 'conan']","[408, 7]",415
740,print/indexinfo,"['freebsd12', 'netbsd9']","[381, 0]",381
130,ninja,"['chromebrew', 'homebrew']","[3, 193]",196
348,meshoptimizer,"['conan', 'npm', 'vcpkg']","[1, 151, 0]",152
717,lang/elixir,"['freebsd12', 'openbsd69']","[137, 1]",138
703,math/openblas,"['freebsd12', 'netbsd9']","[120, 0]",120
37,flex,"['chromebrew', 'homebrew']","[4, 111]",115
604,lang/libobjc2,"['freebsd12', 'netbsd9']","[92, 0]",92
739,print/cups,"['freebsd12', 'openbsd69']","[68, 23]",91
1,libiconv,"['conan', 'vcpkg']","[63, 24]",87
3,openssl,"['alire', 'vcpkg']","[2, 78]",80
254,parinfer,"['clojars', 'npm']","[41, 35]",76
63,fmt,"['conan', 'vcpkg']","[58, 15]",73
5,protobuf,"['conan', 'vcpkg']","[36, 29]",65
225,libvorbis,"['chromebrew', 'homebrew']","[6, 56]",62
122,exocore,"['cargo', 'npm']","[60, 0]",60
8,unmp,"['cargo', 'npm']","[57, 0]",57
657,graphics/openexr,"['freebsd12', 'openbsd69']","[41, 16]",57
783,textproc/hunspell,"['freebsd12', 'openbsd69']","[40, 15]",55
184,expat,"['conan', 'vcpkg']","[33, 21]",54
40,unzip,"['chromebrew', 'homebrew']","[12, 40]",52
180,intltool,"['chromebrew', 'homebrew']","[4, 48]",52
685,multimedia/libva,"['freebsd12', 'netbsd9']","[51, 0]",51
574,devel/rebar,"['freebsd12', 'openbsd69']","[46, 2]",48
494,databases/lmdb,"['freebsd12', 'openbsd69']","[46, 2]",48
289,aws-c-common,"['conan', 'vcpkg']","[38, 10]",48
466,archivers/snappy,"['freebsd12', 'openbsd69']","[44, 2]",46
686,multimedia/libvpx,"['freebsd12', 'openbsd69']","[38, 7]",45
133,lz4,"['conan', 'vcpkg']","[35, 10]",45
123,esbuild-config,"['cargo', 'npm']","[0, 43]",43
428,vulkan-headers,"['conan', 'vcpkg']","[41, 1]",42
199,swig,"['chromebrew', 'homebrew']","[9, 32]",41
160,brotli,"['chromebrew', 'conan', 'homebrew', 'vcpkg']","[6, 20, 10, 4]",40
106,libwebp,"['conan', 'vcpkg']","[30, 10]",40
656,graphics/opencv,"['freebsd12', 'openbsd69']","[37, 2]",39
484,devel/libepoll-shim,"['freebsd12', 'netbsd9']","[38, 0]",38
500,devel/googletest,"['freebsd12', 'netbsd9']","[28, 10]",38
626,graphics/vulkan-headers,"['freebsd12', 'openbsd69']","[30, 6]",36
524,devel/ocaml-ocamlbuild,"['freebsd12', 'openbsd69']","[26, 8]",34
502,devel/jsoncpp,"['freebsd12', 'openbsd69']","[29, 4]",33
125,nasm,"['chromebrew', 'homebrew']","[12, 21]",33
168,andare,"['clojars', 'npm']","[16, 15]",31
627,graphics/vulkan-loader,"['freebsd12', 'openbsd69']","[28, 3]",31
359,oatpp,"['conan', 'vcpkg']","[19, 12]",31
461,archivers/brotli,"['freebsd12', 'netbsd9', 'openbsd69']","[27, 0, 4]",31
228,lzo,"['chromebrew', 'homebrew']","[9, 20]",29
47,double-conversion,"['conan', 'vcpkg']","[22, 7]",29
675,security/qtkeychain,"['freebsd12', 'openbsd69']","[21, 6]",27
121,sbp,"['cargo', 'conan', 'vcpkg']","[27, 0, 0]",27
238,openjpeg,"['conan', 'vcpkg']","[20, 7]",27
294,aws-c-io,"['conan', 'vcpkg']","[21, 5]",26
131,snappy,"['conan', 'vcpkg']","[19, 7]",26
497,devel/gflags,"['freebsd12', 'netbsd9', 'openbsd69']","[25, 0, 1]",26
565,devel/yaml-cpp,"['freebsd12', 'openbsd69']","[21, 5]",26
17,abseil,"['conan', 'vcpkg']","[22, 4]",26
177,xmlto,"['chromebrew', 'homebrew']","[10, 15]",25
688,multimedia/mpv,"['freebsd12', 'openbsd69']","[20, 5]",25
195,libcap,"['chromebrew', 'conan']","[14, 10]",24
594,editors/vim,"['freebsd12', 'openbsd69']","[19, 5]",24
499,devel/glog,"['freebsd12', 'openbsd69']","[23, 0]",23
114,ffmpeg,"['conan', 'vcpkg']","[17, 6]",23
419,tinyxml2,"['conan', 'vcpkg']","[12, 11]",23
12,spdlog,"['conan', 'vcpkg']","[19, 4]",23
578,devel/py-mock,"['freebsd12', 'netbsd9']","[20, 1]",21
144,zip,"['chromebrew', 'homebrew']","[1, 19]",20
109,libevent,"['conan', 'vcpkg']","[10, 10]",20
293,aws-c-http,"['conan', 'vcpkg']","[16, 4]",20
2,libusb,"['conan', 'vcpkg']","[10, 10]",20
11,gmp,"['conan', 'vcpkg']","[12, 8]",20
601,devel/re2,"['freebsd12', 'netbsd9']","[20, 0]",20
555,devel/p8-platform,"['freebsd12', 'netbsd9']","[18, 1]",19
559,devel/spdlog,"['freebsd12', 'netbsd9']","[19, 0]",19
767,shells/bash-completion,"['freebsd12', 'netbsd9', 'openbsd69']","[13, 0, 5]",18
670,devel/protobuf-c,"['freebsd12', 'netbsd9']","[18, 0]",18
288,aws-c-cal,"['conan', 'vcpkg']","[13, 5]",18
75,stb,"['conan', 'vcpkg']","[8, 9]",17
248,re2,"['conan', 'vcpkg']","[14, 3]",17
107,opus,"['chromebrew', 'homebrew']","[3, 14]",17
472,devel/abseil,"['freebsd12', 'netbsd9']","[17, 0]",17
175,libgeotiff,"['conan', 'vcpkg']","[13, 4]",17
205,libxinerama,"['chromebrew', 'homebrew']","[9, 7]",16
45,gflags,"['conan', 'vcpkg']","[6, 10]",16
639,graphics/glslang,"['freebsd12', 'openbsd69']","[13, 3]",16
701,math/ocaml-num,"['freebsd12', 'openbsd69']","[11, 4]",15
140,zeromq,"['conan', 'vcpkg']","[8, 7]",15
681,multimedia/aom,"['freebsd12', 'openbsd69']","[10, 5]",15
637,graphics/ftgl,"['freebsd12', 'netbsd9']","[14, 0]",14
27,msgpack,"['conan', 'vcpkg']","[12, 2]",14
519,devel/msgpack,"['freebsd12', 'openbsd69']","[11, 3]",14
763,sysutils/py-psutil,"['netbsd9', 'openbsd69']","[1, 13]",14
700,math/nlopt,"['freebsd12', 'openbsd69']","[14, 0]",14
119,ejdb,"['homebrew', 'npm']","[0, 13]",13
29,json-c,"['conan', 'vcpkg']","[9, 4]",13
210,glslang,"['conan', 'vcpkg']","[12, 1]",13
220,lcms,"['conan', 'vcpkg']","[10, 3]",13
399,spirv-headers,"['conan', 'vcpkg']","[11, 2]",13
465,archivers/quazip,"['freebsd12', 'openbsd69']","[8, 5]",13
563,devel/uthash,"['freebsd12', 'openbsd69']","[11, 2]",13
655,graphics/opencolorio,"['freebsd12', 'openbsd69']","[10, 3]",13
649,math/arpack-ng,"['freebsd12', 'netbsd9']","[13, 0]",13
436,xtl,"['conan', 'vcpkg']","[8, 5]",13
564,devel/xxhash,"['freebsd12', 'netbsd9']","[11, 1]",12
145,imgui,"['conan', 'vcpkg']","[7, 5]",12
429,websocketpp,"['conan', 'vcpkg']","[10, 2]",12
181,libssh2,"['chromebrew', 'homebrew']","[2, 10]",12
731,textproc/tinyxml2,"['freebsd12', 'openbsd69']","[11, 1]",12
792,x11/xclip,"['freebsd12', 'netbsd9', 'openbsd69']","[7, 0, 5]",12
237,libzip,"['conan', 'vcpkg']","[3, 9]",12
424,utfcpp,"['conan', 'vcpkg']","[8, 3]",11
271,libbacktrace,"['conan', 'vcpkg']","[11, 0]",11
398,spirv-cross,"['conan', 'vcpkg']","[10, 1]",11
142,gdk-pixbuf,"['conan', 'vcpkg']","[7, 4]",11
117,z3,"['conan', 'vcpkg']","[10, 1]",11
387,robin-hood-hashing,"['conan', 'vcpkg']","[9, 1]",10
780,textproc/cmark,"['freebsd12', 'netbsd9', 'openbsd69']","[9, 0, 1]",10
173,libnet,"['chromebrew', 'homebrew']","[1, 9]",10
226,jsoncpp,"['conan', 'vcpkg']","[3, 7]",10
624,graphics/tesseract,"['freebsd12', 'netbsd9']","[10, 0]",10
329,dirent,"['conan', 'vcpkg']","[3, 7]",10
336,expected-lite,"['conan', 'vcpkg']","[10, 0]",10
367,optional-lite,"['conan', 'vcpkg']","[10, 0]",10
493,databases/leveldb,"['freebsd12', 'netbsd9', 'openbsd69']","[10, 0, 0]",10
576,devel/tbb,"['freebsd12', 'openbsd69']","[6, 4]",10
127,check,"['chromebrew', 'homebrew']","[2, 8]",10
69,unmp-id,"['cargo', 'npm']","[10, 0]",10
49,cereal,"['conan', 'vcpkg']","[8, 2]",10
434,xsimd,"['conan', 'vcpkg']","[9, 0]",9
287,aws-c-auth,"['conan', 'vcpkg']","[7, 2]",9
811,www/http-parser,"['freebsd12', 'netbsd9']","[9, 0]",9
152,witme,"['cargo', 'npm']","[4, 5]",9
249,libepoxy,"['conan', 'vcpkg']","[7, 2]",9
658,graphics/openimageio,"['freebsd12', 'openbsd69']","[8, 1]",9
330,eabase,"['conan', 'vcpkg']","[7, 2]",9
694,net/cppzmq,"['freebsd12', 'openbsd69']","[7, 1]",8
690,multimedia/openh264,"['freebsd12', 'netbsd9']","[8, 0]",8
267,jwt-cpp,"['conan', 'vcpkg']","[8, 0]",8
292,aws-checksums,"['conan', 'vcpkg']","[6, 2]",8
682,multimedia/assimp,"['freebsd12', 'openbsd69']","[6, 2]",8
558,devel/sparsehash,"['freebsd12', 'openbsd69']","[4, 4]",8
33,geoip,"['chromebrew', 'homebrew']","[2, 6]",8
324,cpprestsdk,"['conan', 'vcpkg']","[6, 2]",8
423,usockets,"['conan', 'vcpkg']","[7, 1]",8
132,bc,"['chromebrew', 'homebrew']","[3, 5]",8
67,cpuinfo,"['conan', 'vcpkg']","[4, 4]",8
52,date,"['conan', 'vcpkg']","[4, 3]",7
93,tbb,"['cargo', 'conan']","[6, 1]",7
623,graphics/spirv-tools,"['freebsd12', 'openbsd69']","[6, 1]",7
676,math/z3,"['freebsd12', 'openbsd69']","[7, 0]",7
92,s2n,"['conan', 'vcpkg']","[2, 5]",7
239,crc32c,"['conan', 'vcpkg']","[7, 0]",7
651,graphics/libimagequant,"['freebsd12', 'openbsd69']","[6, 1]",7
99,hiredis,"['conan', 'vcpkg']","[6, 1]",7
179,yajl,"['chromebrew', 'homebrew']","[3, 4]",7
444,fp16,"['conan', 'vcpkg']","[4, 3]",7
437,yaml-cpp,"['conan', 'vcpkg']","[5, 2]",7
510,audio/faac,"['freebsd12', 'netbsd9']","[7, 0]",7
218,apr,"['conan', 'vcpkg']","[3, 4]",7
136,gstreamer,"['conan', 'vcpkg']","[6, 1]",7
16,gtest,"['conan', 'vcpkg']","[0, 7]",7
290,aws-c-compression,"['conan', 'vcpkg']","[4, 3]",7
549,cad/yosys,"['freebsd12', 'openbsd69']","[5, 2]",7
544,cad/abc,"['freebsd12', 'openbsd69']","[6, 1]",7
135,argon2,"['chromebrew', 'homebrew']","[0, 7]",7
702,math/ocaml-zarith,"['freebsd12', 'netbsd9', 'openbsd69']","[4, 0, 2]",6
118,freeimage,"['chromebrew', 'homebrew']","[2, 4]",6
325,cppzmq,"['conan', 'vcpkg']","[1, 5]",6
185,libxau,"['chromebrew', 'homebrew']","[3, 3]",6
491,databases/hiredis,"['freebsd12', 'netbsd9']","[6, 0]",6
7,poly2tri,"['conan', 'vcpkg']","[5, 1]",6
374,pthreadpool,"['conan', 'vcpkg']","[3, 3]",6
198,cfitsio,"['conan', 'vcpkg']","[3, 3]",6
481,devel/leatherman,"['freebsd12', 'openbsd69']","[4, 2]",6
557,devel/simde,"['freebsd12', 'netbsd9']","[6, 0]",6
474,devel/bullet,"['freebsd12', 'openbsd69']","[3, 3]",6
591,editors/neovim,"['freebsd12', 'openbsd69']","[4, 2]",6
91,orgize,"['cargo', 'npm']","[6, 0]",6
513,audio/libebur128,"['freebsd12', 'netbsd9', 'openbsd69']","[5, 0, 1]",6
573,devel/range-v3,"['freebsd12', 'netbsd9']","[6, 0]",6
155,libxkbfile,"['chromebrew', 'homebrew']","[5, 1]",6
518,devel/msbuild,"['freebsd12', 'openbsd69']","[5, 1]",6
534,biology/biolibc,"['freebsd12', 'netbsd9']","[6, 0]",6
849,sysutils/consolekit,"['netbsd9', 'openbsd69']","[0, 6]",6
20,folly,"['conan', 'vcpkg']","[0, 6]",6
517,devel/mono-addins,"['freebsd12', 'openbsd69']","[4, 2]",6
435,xtensor,"['conan', 'vcpkg']","[1, 4]",5
575,devel/robin-map,"['freebsd12', 'netbsd9', 'openbsd69']","[3, 1, 1]",5
448,fxdiv,"['conan', 'vcpkg']","[1, 4]",5
246,libsass,"['chromebrew', 'homebrew']","[4, 1]",5
659,graphics/opensubdiv,"['freebsd12', 'openbsd69']","[4, 1]",5
240,lodepng,"['conan', 'vcpkg']","[3, 2]",5
38,hunspell,"['chromebrew', 'homebrew']","[3, 2]",5
572,devel/qjson,"['freebsd12', 'openbsd69']","[5, 0]",5
253,apr-util,"['conan', 'vcpkg']","[3, 2]",5
178,mpdecimal,"['chromebrew', 'homebrew']","[1, 4]",5
613,games/lwjgl,"['freebsd12', 'openbsd69']","[4, 1]",5
346,mapbox-geometry,"['conan', 'vcpkg']","[1, 4]",5
291,aws-c-event-stream,"['conan', 'vcpkg']","[4, 1]",5
804,textproc/ruby-rdtool,"['freebsd12', 'netbsd9']","[2, 3]",5
373,psimd,"['conan', 'vcpkg']","[2, 3]",5
844,security/py-asn1crypto,"['netbsd9', 'openbsd69']","[0, 5]",5
699,math/muparser,"['freebsd12', 'openbsd69']","[4, 1]",5
278,libsquish,"['conan', 'vcpkg']","[3, 2]",5
266,json-schema-validator,"['conan', 'vcpkg']","[5, 0]",5
741,print/libharu,"['freebsd12', 'openbsd69']","[5, 0]",5
164,thrift,"['conan', 'vcpkg']","[2, 3]",5
671,devel/protozero,"['freebsd12', 'openbsd69']","[2, 3]",5
644,graphics/libavif,"['freebsd12', 'openbsd69']","[3, 1]",4
230,libidn2,"['conan', 'vcpkg']","[1, 3]",4
235,iniparser,"['chromebrew', 'homebrew']","[2, 2]",4
716,japanese/less,"['freebsd12', 'openbsd69']","[4, 0]",4
349,miniz,"['conan', 'vcpkg']","[4, 0]",4
755,sysutils/kubectl,"['freebsd12', 'openbsd69']","[4, 0]",4
393,sobjectizer,"['conan', 'vcpkg']","[3, 1]",4
65,assimp,"['conan', 'vcpkg']","[1, 3]",4
297,aws-c-s3,"['conan', 'vcpkg']","[3, 1]",4
306,catch2,"['conan', 'vcpkg']","[1, 3]",4
275,libgpg-error,"['conan', 'vcpkg']","[1, 3]",4
243,faac,"['chromebrew', 'homebrew']","[1, 3]",4
375,pybind11,"['conan', 'vcpkg']","[2, 2]",4
299,bitserializer,"['conan', 'vcpkg']","[0, 4]",4
402,sqlpp11,"['conan', 'vcpkg']","[2, 2]",4
378,range-v3,"['conan', 'vcpkg']","[2, 2]",4
295,aws-c-mqtt,"['conan', 'vcpkg']","[3, 1]",4
128,git,"['chromebrew', 'homebrew']","[1, 3]",4
14,xxhash,"['conan', 'vcpkg']","[4, 0]",4
546,cad/graywolf,"['freebsd12', 'openbsd69']","[2, 2]",4
194,civetweb,"['conan', 'vcpkg']","[4, 0]",4
496,devel/flatbuffers,"['freebsd12', 'openbsd69']","[4, 0]",4
621,graphics/qr-code-generator,"['freebsd12', 'netbsd9']","[4, 0]",4
469,archivers/zopfli,"['freebsd12', 'openbsd69']","[4, 0]",4
24,liburing,"['conan', 'vcpkg']","[3, 1]",4
23,libyaml,"['conan', 'vcpkg']","[0, 4]",4
21,luajit,"['chromebrew', 'homebrew']","[4, 0]",4
522,devel/ocaml-cppo,"['freebsd12', 'openbsd69']","[1, 3]",4
203,yasm,"['conan', 'vcpkg']","[0, 4]",4
773,sysutils/auto-admin,"['freebsd12', 'netbsd9']","[4, 0]",4
34,imath,"['conan', 'vcpkg']","[2, 2]",4
486,devel/lua-lgi,"['freebsd12', 'openbsd69']","[2, 2]",4
561,devel/unibilium,"['freebsd12', 'netbsd9', 'openbsd69']","[2, 0, 2]",4
633,graphics/alembic,"['freebsd12', 'openbsd69']","[3, 1]",4
217,cmocka,"['chromebrew', 'homebrew']","[3, 1]",4
641,graphics/kcolorpicker,"['freebsd12', 'openbsd69']","[2, 2]",4
6,precrypt,"['cargo', 'npm']","[0, 3]",3
488,databases/sqlcipher,"['freebsd12', 'openbsd69']","[3, 0]",3
134,highway,"['conan', 'vcpkg']","[2, 1]",3
579,devel/py-path.py,"['freebsd12', 'netbsd9']","[3, 0]",3
371,picojson,"['conan', 'vcpkg']","[2, 1]",3
736,net/py-zeroconf,"['freebsd12', 'netbsd9']","[3, 0]",3
715,net/usockets,"['freebsd12', 'openbsd69']","[1, 2]",3
304,c4core,"['conan', 'vcpkg']","[2, 1]",3
73,approveapi,"['cargo', 'npm']","[0, 3]",3
154,aalib,"['chromebrew', 'homebrew']","[2, 1]",3
281,libwebsockets,"['conan', 'vcpkg']","[1, 2]",3
103,glade,"['chromebrew', 'homebrew']","[3, 0]",3
170,uriparser,"['conan', 'vcpkg']","[1, 2]",3
163,libavif,"['conan', 'vcpkg']","[2, 1]",3
706,net/libsignal-protocol-c,"['freebsd12', 'openbsd69']","[1, 2]",3
296,aws-crt-cpp,"['conan', 'vcpkg']","[2, 1]",3
785,textproc/libcue,"['freebsd12', 'netbsd9']","[3, 0]",3
757,sysutils/lscpu,"['freebsd12', 'openbsd69']","[2, 1]",3
776,sysutils/consul,"['freebsd12', 'openbsd69']","[3, 0]",3
35,opencolorio,"['conan', 'vcpkg']","[3, 0]",3
224,jbigkit,"['chromebrew', 'homebrew']","[2, 1]",3
645,graphics/libdmtx,"['freebsd12', 'netbsd9']","[3, 0]",3
427,volk,"['conan', 'vcpkg']","[3, 0]",3
476,devel/cpp-hocon,"['freebsd12', 'openbsd69']","[2, 1]",3
642,graphics/kimageannotator,"['freebsd12', 'openbsd69']","[2, 1]",3
810,www/h2o,"['freebsd12', 'netbsd9', 'openbsd69']","[2, 0, 1]",3
256,google-cloud-cpp,"['conan', 'vcpkg']","[0, 3]",3
255,glad,"['conan', 'vcpkg']","[0, 3]",3
206,libunistring,"['conan', 'vcpkg']","[2, 1]",3
250,cabextract,"['chromebrew', 'homebrew']","[2, 1]",3
209,ctags,"['chromebrew', 'homebrew']","[1, 2]",3
652,graphics/libplacebo,"['freebsd12', 'openbsd69']","[1, 1]",2
628,graphics/vulkan-tools,"['freebsd12', 'openbsd69']","[2, 0]",2
340,libnop,"['conan', 'vcpkg']","[1, 1]",2
552,devel/py-wrapt,"['netbsd9', 'openbsd69']","[0, 2]",2
483,devel/libcbor,"['freebsd12', 'netbsd9']","[2, 0]",2
553,devel/py3c,"['freebsd12', 'openbsd69']","[1, 1]",2
447,function2,"['conan', 'vcpkg']","[1, 1]",2
311,cgal,"['conan', 'vcpkg']","[0, 2]",2
335,entt,"['conan', 'vcpkg']","[1, 1]",2
566,editors/editorconfig-core-c,"['freebsd12', 'openbsd69']","[2, 0]",2
562,devel/universal-ctags,"['freebsd12', 'openbsd69']","[2, 0]",2
847,www/py-httpx-socks,"['freebsd12', 'netbsd9']","[2, 0]",2
405,fcl,"['conan', 'vcpkg']","[0, 2]",2
397,span-lite,"['conan', 'vcpkg']","[2, 0]",2
478,devel/cxxopts,"['freebsd12', 'netbsd9']","[1, 1]",2
838,textproc/luceneplusplus,"['freebsd12', 'openbsd69']","[1, 1]",2
825,x11/keybinder,"['freebsd12', 'netbsd9']","[2, 0]",2
368,opusfile,"['conan', 'vcpkg']","[1, 1]",2
60,czmq,"['conan', 'vcpkg']","[1, 1]",2
674,security/py-cybox,"['freebsd12', 'netbsd9']","[2, 0]",2
612,games/liblcf,"['freebsd12', 'openbsd69']","[1, 1]",2
606,lang/ponyc,"['freebsd12', 'openbsd69']","[0, 2]",2
841,textproc/ocaml-text,"['freebsd12', 'netbsd9']","[2, 0]",2
354,nanoflann,"['conan', 'vcpkg']","[2, 0]",2
467,archivers/unshield,"['freebsd12', 'netbsd9', 'openbsd69']","[1, 0, 1]",2
129,woff2,"['chromebrew', 'homebrew']","[2, 0]",2
830,x11/sxhkd,"['freebsd12', 'netbsd9', 'openbsd69']","[1, 0, 1]",2
666,mail/libetpan,"['freebsd12', 'openbsd69']","[1, 1]",2
514,audio/libmysofa,"['freebsd12', 'netbsd9', 'openbsd69']","[1, 0, 1]",2
376,pystring,"['conan', 'vcpkg']","[1, 1]",2
316,cli11,"['conan', 'vcpkg']","[1, 1]",2
0,bullet3,"['conan', 'vcpkg']","[1, 1]",2
803,textproc/ripgrep,"['freebsd12', 'openbsd69']","[2, 0]",2
749,security/luasec,"['freebsd12', 'openbsd69']","[1, 1]",2
229,xmltoman,"['chromebrew', 'homebrew']","[0, 2]",2
88,rang,"['conan', 'vcpkg']","[2, 0]",2
276,librdkafka,"['conan', 'vcpkg']","[1, 1]",2
100,pigmnts,"['cargo', 'npm']","[2, 0]",2
802,textproc/py-smartypants,"['freebsd12', 'netbsd9']","[2, 0]",2
169,armadillo,"['conan', 'vcpkg']","[0, 2]",2
722,games/qstat,"['freebsd12', 'netbsd9', 'openbsd69']","[2, 0, 0]",2
761,sysutils/nomad,"['freebsd12', 'openbsd69']","[2, 0]",2
791,x11/xcb-imdkit,"['freebsd12', 'netbsd9']","[2, 0]",2
737,net/rabbitmq-c,"['freebsd12', 'netbsd9', 'openbsd69']","[1, 0, 1]",2
162,nameof,"['conan', 'vcpkg']","[1, 1]",2
784,textproc/iksemel,"['freebsd12', 'netbsd9']","[2, 0]",2
747,security/libscrypt,"['freebsd12', 'openbsd69']","[1, 1]",2
193,docbook2x,"['chromebrew', 'homebrew']","[0, 2]",2
137,protozero,"['conan', 'vcpkg']","[0, 2]",2
734,net/py-ifaddr,"['freebsd12', 'netbsd9']","[2, 0]",2
97,ucl,"['chromebrew', 'homebrew']","[1, 1]",2
753,security/ocaml-ssl,"['freebsd12', 'netbsd9']","[2, 0]",2
520,devel/mspdebug,"['freebsd12', 'openbsd69']","[0, 1]",1
83,plog,"['conan', 'vcpkg']","[0, 1]",1
814,x11/alacritty,"['freebsd12', 'netbsd9']","[1, 0]",1
516,audio/minimp3,"['freebsd12', 'netbsd9']","[0, 1]",1
161,farmhash,"['conan', 'vcpkg']","[1, 0]",1
244,glyr,"['chromebrew', 'homebrew']","[0, 1]",1
251,doctest,"['conan', 'vcpkg']","[0, 1]",1
839,textproc/mdbook,"['freebsd12', 'openbsd69']","[1, 0]",1
829,x11/slop,"['freebsd12', 'netbsd9']","[1, 0]",1
523,devel/ocaml-extlib,"['freebsd12', 'netbsd9']","[1, 0]",1
668,mail/neomutt,"['freebsd12', 'openbsd69']","[0, 1]",1
602,lang/janet,"['freebsd12', 'openbsd69']","[1, 0]",1
473,devel/bmkdep,"['freebsd12', 'netbsd9']","[1, 0]",1
528,benchmarks/httperf,"['freebsd12', 'netbsd9']","[1, 0]",1
597,emulators/mame,"['freebsd12', 'openbsd69']","[1, 0]",1
596,emulators/emulationstation,"['freebsd12', 'netbsd9']","[0, 1]",1
535,biology/bowtie2,"['freebsd12', 'netbsd9']","[1, 0]",1
680,math/4ti2,"['freebsd12', 'openbsd69']","[1, 0]",1
395,sol2,"['conan', 'vcpkg']","[0, 1]",1
833,devel/lua-say,"['netbsd9', 'openbsd69']","[0, 1]",1
832,devel/lua-compat53,"['netbsd9', 'openbsd69']","[0, 1]",1
495,databases/luadbi,"['freebsd12', 'openbsd69']","[0, 1]",1
475,devel/cjose,"['freebsd12', 'openbsd69']","[1, 0]",1
96,openvr,"['conan', 'vcpkg']","[0, 1]",1
477,devel/cvise,"['freebsd12', 'netbsd9']","[0, 1]",1
32,libharu,"['chromebrew', 'homebrew']","[1, 0]",1
464,archivers/pixz,"['freebsd12', 'netbsd9']","[1, 0]",1
840,textproc/miller,"['freebsd12', 'openbsd69']","[1, 0]",1
485,devel/lua-argparse,"['freebsd12', 'netbsd9']","[1, 0]",1
775,sysutils/conky,"['freebsd12', 'openbsd69']","[1, 0]",1
188,nlopt,"['conan', 'vcpkg']","[0, 1]",1
450,gemmlowp,"['conan', 'vcpkg']","[1, 0]",1
214,leveldb,"['conan', 'vcpkg']","[0, 1]",1
222,elinks,"['chromebrew', 'homebrew']","[1, 0]",1
171,libmetalink,"['chromebrew', 'homebrew']","[1, 0]",1
439,zug,"['conan', 'vcpkg']","[0, 1]",1
89,cjson,"['conan', 'vcpkg']","[0, 1]",1
231,cloog,"['chromebrew', 'homebrew']","[1, 0]",1
232,chruby,"['chromebrew', 'homebrew']","[0, 1]",1
431,xnnpack,"['conan', 'vcpkg']","[1, 0]",1
176,zziplib,"['conan', 'vcpkg']","[0, 1]",1
805,textproc/ydiff,"['freebsd12', 'netbsd9']","[1, 0]",1
504,devel/py-archinfo,"['freebsd12', 'netbsd9']","[1, 0]",1
421,toml11,"['conan', 'vcpkg']","[1, 0]",1
174,libconfuse,"['conan', 'vcpkg']","[0, 1]",1
172,cscope,"['chromebrew', 'homebrew']","[0, 1]",1
536,biology/fastp,"['freebsd12', 'netbsd9']","[1, 0]",1
159,libexif,"['conan', 'vcpkg']","[1, 0]",1
196,most,"['chromebrew', 'homebrew']","[1, 0]",1
584,games/cowsay,"['freebsd12', 'openbsd69']","[1, 0]",1
331,eastl,"['conan', 'vcpkg']","[0, 1]",1
733,net/py-dpkt,"['netbsd9', 'openbsd69']","[0, 1]",1
732,textproc/ugrep,"['freebsd12', 'netbsd9']","[0, 1]",1
554,devel/py-bitarray,"['freebsd12', 'netbsd9']","[1, 0]",1
347,mdspan,"['conan', 'vcpkg']","[1, 0]",1
567,editors/featherpad,"['freebsd12', 'openbsd69']","[1, 0]",1
818,x11/dzen2,"['freebsd12', 'openbsd69']","[0, 1]",1
850,textproc/lua-markdown,"['netbsd9', 'openbsd69']","[0, 1]",1
77,augeas,"['chromebrew', 'homebrew']","[0, 1]",1
76,benchmark,"['conan', 'vcpkg']","[0, 1]",1
539,biology/minimap2,"['freebsd12', 'netbsd9']","[1, 0]",1
113,taskflow,"['conan', 'vcpkg']","[0, 1]",1
10,msdfgen,"['conan', 'vcpkg']","[1, 0]",1
9,outcome,"['conan', 'vcpkg']","[0, 1]",1
820,www/uwebsockets,"['freebsd12', 'openbsd69']","[0, 1]",1
298,aws-sdk-cpp,"['conan', 'vcpkg']","[1, 0]",1
707,net/mtr,"['freebsd12', 'openbsd69']","[0, 1]",1
70,cityhash,"['conan', 'vcpkg']","[0, 1]",1
560,devel/tl-expected,"['freebsd12', 'netbsd9']","[1, 0]",1
708,net/nanomsg,"['freebsd12', 'openbsd69']","[1, 0]",1
332,easyloggingpp,"['conan', 'vcpkg']","[0, 1]",1
280,libuvc,"['conan', 'vcpkg']","[0, 1]",1
582,games/cataclysm-dda,"['freebsd12', 'openbsd69']","[1, 0]",1
143,ascii,"['chromebrew', 'homebrew']","[1, 0]",1
587,games/endless-sky,"['freebsd12', 'openbsd69']","[1, 0]",1
735,net/py-tweepy,"['freebsd12', 'netbsd9']","[1, 0]",1
272,libcbor,"['conan', 'vcpkg']","[0, 1]",1
72,butteraugli,"['conan', 'vcpkg']","[0, 1]",1
318,concurrentqueue,"['conan', 'vcpkg']","[0, 1]",1
366,opentelemetry-cpp,"['conan', 'vcpkg']","[1, 0]",1
61,frozen,"['conan', 'vcpkg']","[1, 0]",1
317,cocoyaxi,"['conan', 'vcpkg']","[0, 1]",1
795,x11/xsettingsd,"['freebsd12', 'openbsd69']","[1, 0]",1
691,net/h323plus,"['freebsd12', 'openbsd69']","[0, 1]",1
277,librttopo,"['conan', 'vcpkg']","[1, 0]",1
786,textproc/libcyaml,"['freebsd12', 'netbsd9']","[1, 0]",1
313,cgns,"['conan', 'vcpkg']","[0, 1]",1
81,bats,"['chromebrew', 'homebrew']","[0, 1]",1
619,games/opentyrian,"['freebsd12', 'openbsd69']","[0, 0]",0
851,x11/picom,"['netbsd9', 'openbsd69']","[0, 0]",0
794,x11/xnotify,"['freebsd12', 'netbsd9']","[0, 0]",0
778,sysutils/direnv,"['freebsd12', 'openbsd69']","[0, 0]",0
620,games/pioneer,"['freebsd12', 'openbsd69']","[0, 0]",0
845,www/phpvirtualbox,"['freebsd12', 'openbsd69']","[0, 0]",0
580,devel/py-pretend,"['freebsd12', 'netbsd9']","[0, 0]",0
807,www/ddgr,"['freebsd12', 'netbsd9']","[0, 0]",0
797,archivers/lz4json,"['netbsd9', 'openbsd69']","[0, 0]",0
614,games/mvdsv,"['freebsd12', 'openbsd69']","[0, 0]",0
796,x11/yad,"['freebsd12', 'netbsd9']","[0, 0]",0
777,sysutils/detox,"['freebsd12', 'netbsd9']","[0, 0]",0
618,games/openmw,"['freebsd12', 'openbsd69']","[0, 0]",0
793,x11/xmenu,"['freebsd12', 'openbsd69']","[0, 0]",0
615,games/nbsdgames,"['freebsd12', 'netbsd9']","[0, 0]",0
616,games/openjazz,"['freebsd12', 'openbsd69']","[0, 0]",0
774,sysutils/bfs,"['freebsd12', 'openbsd69']","[0, 0]",0
617,games/openjk,"['freebsd12', 'netbsd9', 'openbsd69']","[0, 0, 0]",0
581,games/braincurses,"['freebsd12', 'openbsd69']","[0, 0]",0
843,textproc/pup,"['freebsd12', 'openbsd69']","[0, 0]",0
772,sysutils/amazon-ssm-agent,"['freebsd12', 'openbsd69']","[0, 0]",0
593,editors/texworks,"['freebsd12', 'openbsd69']","[0, 0]",0
779,textproc/cdif,"['freebsd12', 'netbsd9']","[0, 0]",0
798,sysutils/exa,"['freebsd12', 'openbsd69']","[0, 0]",0
592,editors/nvi2,"['freebsd12', 'netbsd9']","[0, 0]",0
801,sysutils/tarsnap-gui,"['freebsd12', 'netbsd9', 'openbsd69']","[0, 0, 0]",0
595,editors/wordgrinder,"['freebsd12', 'openbsd69']","[0, 0]",0
590,editors/neovim-qt,"['freebsd12', 'openbsd69']","[0, 0]",0
589,devel/sdl12-compat,"['freebsd12', 'netbsd9']","[0, 0]",0
598,emulators/mgba,"['freebsd12', 'openbsd69']","[0, 0]",0
599,emulators/ppsspp,"['freebsd12', 'openbsd69']","[0, 0]",0
787,x11/tilda,"['freebsd12', 'openbsd69']","[0, 0]",0
600,emulators/sameboy,"['freebsd12', 'openbsd69']","[0, 0]",0
588,games/gti,"['freebsd12', 'openbsd69']","[0, 0]",0
788,x11/trayer,"['freebsd12', 'openbsd69']","[0, 0]",0
586,games/dustrac,"['freebsd12', 'openbsd69']","[0, 0]",0
800,sysutils/snmp_exporter,"['freebsd12', 'openbsd69']","[0, 0]",0
585,games/dhewm3,"['freebsd12', 'openbsd69']","[0, 0]",0
848,graphics/sxiv,"['netbsd9', 'openbsd69']","[0, 0]",0
782,textproc/go-md2man,"['freebsd12', 'netbsd9']","[0, 0]",0
781,textproc/extract_url,"['freebsd12', 'openbsd69']","[0, 0]",0
789,x11/xbanish,"['freebsd12', 'netbsd9']","[0, 0]",0
603,lang/jpm,"['freebsd12', 'netbsd9']","[0, 0]",0
790,x11/xcape,"['freebsd12', 'openbsd69']","[0, 0]",0
605,lang/picoc,"['freebsd12', 'netbsd9']","[0, 0]",0
583,games/corsix-th,"['freebsd12', 'netbsd9']","[0, 0]",0
607,games/freeblocks,"['freebsd12', 'openbsd69']","[0, 0]",0
608,games/gogrepo,"['freebsd12', 'openbsd69']","[0, 0]",0
609,games/gzdoom,"['freebsd12', 'openbsd69']","[0, 0]",0
610,games/hyperrogue,"['freebsd12', 'openbsd69']","[0, 0]",0
611,games/iortcw,"['freebsd12', 'netbsd9']","[0, 0]",0
846,www/py-httpie,"['openbsd69', 'netbsd9']","[0, 0]",0
806,www/darkhttpd,"['freebsd12', 'openbsd69']","[0, 0]",0
799,sysutils/screenfetch,"['freebsd12', 'netbsd9', 'openbsd69']","[0, 0, 0]",0
721,sysutils/tmux-mem-cpu-load,"['freebsd12', 'openbsd69']","[0, 0]",0
842,textproc/odt2txt,"['freebsd12', 'openbsd69']","[0, 0]",0
771,shells/zsh-syntax-highlighting,"['freebsd12', 'netbsd9', 'openbsd69']","[0, 0, 0]",0
692,net/6tunnel,"['freebsd12', 'netbsd9']","[0, 0]",0
689,multimedia/omxplayer,"['freebsd12', 'netbsd9']","[0, 0]",0
823,x11/hsetroot,"['freebsd12', 'netbsd9', 'openbsd69']","[0, 0, 0]",0
687,multimedia/motion,"['freebsd12', 'openbsd69']","[0, 0]",0
824,x11/jgmenu,"['freebsd12', 'openbsd69']","[0, 0]",0
684,multimedia/gnome-twitch,"['freebsd12', 'openbsd69']","[0, 0]",0
817,x11/cool-retro-term,"['freebsd12', 'netbsd9', 'openbsd69']","[0, 0, 0]",0
683,multimedia/get_iplayer,"['freebsd12', 'openbsd69']","[0, 0]",0
738,textproc/php-mecab,"['freebsd12', 'netbsd9']","[0, 0]",0
816,x11/bgs,"['freebsd12', 'openbsd69']","[0, 0]",0
742,print/pdfarranger,"['freebsd12', 'openbsd69']","[0, 0]",0
743,security/cvechecker,"['freebsd12', 'openbsd69']","[0, 0]",0
744,security/fwbuilder,"['freebsd12', 'openbsd69']","[0, 0]",0
745,security/hydra,"['freebsd12', 'openbsd69']","[0, 0]",0
679,mail/spampd,"['freebsd12', 'openbsd69']","[0, 0]",0
678,mail/rmilter,"['freebsd12', 'openbsd69']","[0, 0]",0
677,misc/hwdata,"['freebsd12', 'openbsd69']","[0, 0]",0
746,security/libpwquality,"['netbsd9', 'openbsd69']","[0, 0]",0
826,x11/lemonbar,"['freebsd12', 'netbsd9', 'openbsd69']","[0, 0, 0]",0
827,x11/pmenu,"['freebsd12', 'openbsd69']","[0, 0]",0
673,security/py-acme-tiny,"['freebsd12', 'netbsd9']","[0, 0]",0
672,security/pam_ssh_agent_auth,"['freebsd12', 'netbsd9']","[0, 0]",0
748,security/lua-bcrypt,"['freebsd12', 'netbsd9']","[0, 0]",0
693,net/bmon,"['freebsd12', 'netbsd9']","[0, 0]",0
695,sysutils/ftwin,"['freebsd12', 'netbsd9']","[0, 0]",0
696,sysutils/htop,"['freebsd12', 'openbsd69']","[0, 0]",0
712,net/tcpslice,"['freebsd12', 'openbsd69']","[0, 0]",0
720,sysutils/tmate,"['freebsd12', 'openbsd69']","[0, 0]",0
719,lang/gravity,"['freebsd12', 'openbsd69']","[0, 0]",0
718,lang/fsharp,"['freebsd12', 'openbsd69']","[0, 0]",0
723,games/sdlpop,"['freebsd12', 'netbsd9', 'openbsd69']","[0, 0, 0]",0
724,games/shockolate,"['freebsd12', 'openbsd69']","[0, 0]",0
725,games/sl,"['freebsd12', 'openbsd69']","[0, 0]",0
714,net/unison,"['freebsd12', 'netbsd9']","[0, 0]",0
713,net/tcptraceroute,"['freebsd12', 'netbsd9']","[0, 0]",0
726,games/unknown-horizons,"['freebsd12', 'openbsd69']","[0, 0]",0
727,games/vitetris,"['freebsd12', 'openbsd69']","[0, 0]",0
711,net/routinator,"['freebsd12', 'netbsd9', 'openbsd69']","[0, 0, 0]",0
698,math/moo,"['freebsd12', 'openbsd69']","[0, 0]",0
710,net/openrsync,"['freebsd12', 'netbsd9']","[0, 0]",0
728,games/vkquake,"['freebsd12', 'openbsd69']","[0, 0]",0
709,net/ntopng,"['freebsd12', 'openbsd69']","[0, 0]",0
729,games/vvvvvv,"['freebsd12', 'netbsd9']","[0, 0]",0
705,net/libiscsi,"['freebsd12', 'netbsd9']","[0, 0]",0
819,x11/gromit-mpx,"['freebsd12', 'openbsd69']","[0, 0]",0
704,math/py-pymc3,"['freebsd12', 'netbsd9']","[0, 0]",0
821,www/vimb,"['freebsd12', 'openbsd69']","[0, 0]",0
730,textproc/the_silver_searcher,"['freebsd12', 'netbsd9']","[0, 0]",0
822,www/zola,"['freebsd12', 'openbsd69']","[0, 0]",0
828,x11/roxterm,"['freebsd12', 'openbsd69']","[0, 0]",0
669,mail/postsrsd,"['freebsd12', 'netbsd9']","[0, 0]",0
667,mail/mailest,"['freebsd12', 'openbsd69']","[0, 0]",0
631,games/xlennart,"['freebsd12', 'netbsd9', 'openbsd69']","[0, 0, 0]",0
759,sysutils/neofetch,"['freebsd12', 'netbsd9', 'openbsd69']","[0, 0, 0]",0
640,graphics/guetzli,"['freebsd12', 'netbsd9']","[0, 0]",0
760,sysutils/node_exporter,"['freebsd12', 'netbsd9']","[0, 0]",0
638,graphics/glad,"['freebsd12', 'netbsd9']","[0, 0]",0
762,sysutils/pfetch,"['freebsd12', 'netbsd9']","[0, 0]",0
636,graphics/drawing,"['freebsd12', 'netbsd9']","[0, 0]",0
635,graphics/cadubi,"['freebsd12', 'openbsd69']","[0, 0]",0
634,graphics/bonzomatic,"['freebsd12', 'openbsd69']","[0, 0]",0
764,security/sslscan,"['freebsd12', 'openbsd69']","[0, 0]",0
632,games/xmoto,"['freebsd12', 'openbsd69']","[0, 0]",0
630,graphics/zbar,"['netbsd9', 'openbsd69']","[0, 0]",0
758,sysutils/lsyncd,"['freebsd12', 'openbsd69']","[0, 0]",0
629,graphics/vulkan-validation-layers,"['freebsd12', 'openbsd69']","[0, 0]",0
765,security/uacme,"['freebsd12', 'openbsd69']","[0, 0]",0
766,security/vault,"['freebsd12', 'openbsd69']","[0, 0]",0
809,www/edbrowse,"['freebsd12', 'openbsd69']","[0, 0]",0
625,graphics/tumble,"['freebsd12', 'openbsd69']","[0, 0]",0
808,www/e2guardian,"['freebsd12', 'openbsd69']","[0, 0]",0
768,shells/elvish,"['freebsd12', 'openbsd69']","[0, 0]",0
769,shells/zsh-autosuggestions,"['freebsd12', 'netbsd9']","[0, 0]",0
770,shells/zsh-completions,"['freebsd12', 'netbsd9']","[0, 0]",0
622,graphics/scrot,"['freebsd12', 'netbsd9']","[0, 0]",0
643,graphics/ksnip,"['freebsd12', 'openbsd69']","[0, 0]",0
646,games/abbayedesmorts,"['freebsd12', 'netbsd9']","[0, 0]",0
815,x11/autorandr,"['freebsd12', 'openbsd69']","[0, 0]",0
654,graphics/nomacs,"['freebsd12', 'openbsd69']","[0, 0]",0
665,mail/imapsync,"['freebsd12', 'openbsd69']","[0, 0]",0
664,mail/imapfilter,"['freebsd12', 'openbsd69']","[0, 0]",0
663,mail/dbmail,"['freebsd12', 'netbsd9']","[0, 0]",0
750,security/minisign,"['freebsd12', 'openbsd69']","[0, 0]",0
662,lang/tcc,"['freebsd12', 'openbsd69']","[0, 0]",0
661,multimedia/shotcut,"['freebsd12', 'openbsd69']","[0, 0]",0
660,graphics/pqiv,"['freebsd12', 'openbsd69']","[0, 0]",0
751,security/nikto,"['freebsd12', 'openbsd69']","[0, 0]",0
752,security/ocaml-cryptokit,"['freebsd12', 'netbsd9']","[0, 0]",0
831,devel/lua-cliargs,"['netbsd9', 'openbsd69']","[0, 0]",0
653,graphics/maim,"['freebsd12', 'openbsd69']","[0, 0]",0
837,fonts/overpass,"['netbsd9', 'openbsd69']","[0, 0]",0
813,www/slowhttptest,"['freebsd12', 'openbsd69']","[0, 0]",0
650,math/galculator,"['freebsd12', 'openbsd69']","[0, 0]",0
812,www/luakit,"['freebsd12', 'openbsd69']","[0, 0]",0
648,games/bastet,"['freebsd12', 'openbsd69']","[0, 0]",0
754,sysutils/ioping,"['freebsd12', 'openbsd69']","[0, 0]",0
834,devel/lua-term,"['netbsd9', 'openbsd69']","[0, 0]",0
647,games/barony,"['freebsd12', 'openbsd69']","[0, 0]",0
835,games/devilutionx,"['netbsd9', 'openbsd69']","[0, 0]",0
756,sysutils/libtree,"['freebsd12', 'netbsd9']","[0, 0]",0
836,games/fallingtime,"['netbsd9', 'openbsd69']","[0, 0]",0
697,sysutils/hw-probe,"['freebsd12', 'openbsd69']","[0, 0]",0
426,vectorclass,"['conan', 'vcpkg']","[0, 0]",0
577,devel/samurai,"['freebsd12', 'netbsd9']","[0, 0]",0
221,libdvbpsi,"['chromebrew', 'homebrew']","[0, 0]",0
208,plowshare,"['chromebrew', 'homebrew']","[0, 0]",0
211,abcde,"['chromebrew', 'homebrew']","[0, 0]",0
213,shaderc,"['conan', 'vcpkg']","[0, 0]",0
215,squashfuse,"['chromebrew', 'homebrew']","[0, 0]",0
216,autossh,"['chromebrew', 'homebrew']","[0, 0]",0
219,antiword,"['chromebrew', 'homebrew']","[0, 0]",0
223,lzop,"['chromebrew', 'homebrew']","[0, 0]",0
157,nethogs,"['chromebrew', 'homebrew']","[0, 0]",0
227,mosh,"['chromebrew', 'homebrew']","[0, 0]",0
233,aha,"['chromebrew', 'homebrew']","[0, 0]",0
234,aview,"['chromebrew', 'homebrew']","[0, 0]",0
236,iputils,"['chromebrew', 'homebrew']","[0, 0]",0
241,tabulate,"['conan', 'vcpkg']","[0, 0]",0
242,log4cplus,"['conan', 'vcpkg']","[0, 0]",0
207,rkhunter,"['chromebrew', 'homebrew']","[0, 0]",0
204,xmlstarlet,"['chromebrew', 'homebrew']","[0, 0]",0
202,mysqltuner,"['chromebrew', 'homebrew']","[0, 0]",0
201,genstats,"['chromebrew', 'homebrew']","[0, 0]",0
200,leiningen,"['chromebrew', 'homebrew']","[0, 0]",0
197,wput,"['chromebrew', 'homebrew']","[0, 0]",0
192,dosbox,"['chromebrew', 'homebrew']","[0, 0]",0
191,log4c,"['chromebrew', 'homebrew']","[0, 0]",0
190,nedit,"['chromebrew', 'homebrew']","[0, 0]",0
189,quill,"['conan', 'vcpkg']","[0, 0]",0
187,termcolor,"['conan', 'vcpkg']","[0, 0]",0
186,rocksdb,"['conan', 'vcpkg']","[0, 0]",0
183,wbox,"['chromebrew', 'homebrew']","[0, 0]",0
182,fasd,"['chromebrew', 'homebrew']","[0, 0]",0
167,tesseract,"['conan', 'vcpkg']","[0, 0]",0
166,mdns,"['conan', 'vcpkg']","[0, 0]",0
165,quaternions,"['conan', 'vcpkg']","[0, 0]",0
245,screenfetch,"['chromebrew', 'homebrew']","[0, 0]",0
247,zzuf,"['chromebrew', 'homebrew']","[0, 0]",0
257,greatest,"['conan', 'vcpkg']","[0, 0]",0
284,7zip,"['conan', 'vcpkg']","[0, 0]",0
315,charls,"['conan', 'vcpkg']","[0, 0]",0
314,chaiscript,"['conan', 'vcpkg']","[0, 0]",0
312,cgltf,"['conan', 'vcpkg']","[0, 0]",0
310,celero,"['conan', 'vcpkg']","[0, 0]",0
309,c-dbg-macro,"['conan', 'vcpkg']","[0, 0]",0
308,cctz,"['conan', 'vcpkg']","[0, 0]",0
307,cctag,"['conan', 'vcpkg']","[0, 0]",0
305,cargs,"['conan', 'vcpkg']","[0, 0]",0
303,brynet,"['conan', 'vcpkg']","[0, 0]",0
302,brigand,"['conan', 'vcpkg']","[0, 0]",0
301,boolinq,"['conan', 'vcpkg']","[0, 0]",0
300,bitsery,"['conan', 'vcpkg']","[0, 0]",0
286,audiofile,"['conan', 'vcpkg']","[0, 0]",0
285,absent,"['conan', 'vcpkg']","[0, 0]",0
283,exiv2,"['conan', 'vcpkg']","[0, 0]",0
258,happly,"['conan', 'vcpkg']","[0, 0]",0
282,libxlsxwriter,"['conan', 'vcpkg']","[0, 0]",0
279,libtar,"['homebrew', 'conan']","[0, 0]",0
274,libfreenect2,"['conan', 'vcpkg']","[0, 0]",0
273,libcds,"['conan', 'vcpkg']","[0, 0]",0
270,lest,"['conan', 'vcpkg']","[0, 0]",0
269,lerc,"['conan', 'vcpkg']","[0, 0]",0
268,kealib,"['conan', 'vcpkg']","[0, 0]",0
265,ixwebsocket,"['conan', 'vcpkg']","[0, 0]",0
264,inja,"['conan', 'vcpkg']","[0, 0]",0
263,imguizmo,"['conan', 'vcpkg']","[0, 0]",0
262,iir1,"['conan', 'vcpkg']","[0, 0]",0
261,highfive,"['conan', 'vcpkg']","[0, 0]",0
260,hedley,"['conan', 'vcpkg']","[0, 0]",0
259,hazelcast-cpp-client,"['conan', 'vcpkg']","[0, 0]",0
158,ttf2pt1,"['chromebrew', 'homebrew']","[0, 0]",0
156,lftp,"['chromebrew', 'homebrew']","[0, 0]",0
320,cpp-ipc,"['conan', 'vcpkg']","[0, 0]",0
55,blaze,"['conan', 'vcpkg']","[0, 0]",0
46,tracy,"['conan', 'vcpkg']","[0, 0]",0
48,zstr,"['conan', 'vcpkg']","[0, 0]",0
50,transwarp,"['conan', 'vcpkg']","[0, 0]",0
51,units,"['conan', 'vcpkg']","[0, 0]",0
53,geographiclib,"['conan', 'vcpkg']","[0, 0]",0
54,ctre,"['conan', 'vcpkg']","[0, 0]",0
56,wasmedge,"['cargo', 'npm']","[0, 0]",0
153,webstool,"['cargo', 'npm']","[0, 0]",0
57,bitmagic,"['conan', 'vcpkg']","[0, 0]",0
58,cratchit,"['cargo', 'npm']","[0, 0]",0
59,bigint,"['conan', 'vcpkg']","[0, 0]",0
64,clean,"['chromebrew', 'homebrew']","[0, 0]",0
66,crashpad,"['conan', 'vcpkg']","[0, 0]",0
68,cowsay,"['chromebrew', 'homebrew']","[0, 0]",0
44,dataframe,"['conan', 'vcpkg']","[0, 0]",0
43,yyjson,"['conan', 'vcpkg']","[0, 0]",0
42,gamma,"['conan', 'vcpkg']","[0, 0]",0
41,zyre,"['conan', 'vcpkg']","[0, 0]",0
39,fruit,"['conan', 'vcpkg']","[0, 0]",0
36,keychain,"['chromebrew', 'homebrew']","[0, 0]",0
31,indicators,"['conan', 'vcpkg']","[0, 0]",0
30,implot,"['conan', 'vcpkg']","[0, 0]",0
28,msix,"['conan', 'vcpkg']","[0, 0]",0
26,hakuban,"['cargo', 'npm']","[0, 0]",0
25,jsonnet,"['conan', 'vcpkg']","[0, 0]",0
22,kissfft,"['conan', 'vcpkg']","[0, 0]",0
19,oniguruma,"['conan', 'vcpkg']","[0, 0]",0
18,argparse,"['conan', 'vcpkg']","[0, 0]",0
15,stats-rs,"['cargo', 'npm']","[0, 0]",0
13,sokol,"['conan', 'vcpkg']","[0, 0]",0
4,plplot,"['chromebrew', 'homebrew']","[0, 0]",0
71,bddisasm,"['cargo', 'vcpkg']","[0, 0]",0
74,yas,"['conan', 'vcpkg']","[0, 0]",0
78,vc,"['conan', 'vcpkg']","[0, 0]",0
110,fakeit,"['conan', 'vcpkg']","[0, 0]",0
151,hidapi,"['conan', 'vcpkg']","[0, 0]",0
150,minimp3,"['conan', 'vcpkg']","[0, 0]",0
148,mimalloc,"['conan', 'vcpkg']","[0, 0]",0
147,mikktspace,"['conan', 'vcpkg']","[0, 0]",0
141,mozjpeg,"['conan', 'vcpkg']","[0, 0]",0
139,pdqsort,"['conan', 'vcpkg']","[0, 0]",0
138,poppler,"['conan', 'vcpkg']","[0, 0]",0
126,medea-jason,"['cargo', 'npm']","[0, 0]",0
124,esprit,"['cargo', 'npm']","[0, 0]",0
120,ipcuco,"['cargo', 'npm']","[0, 0]",0
116,lzfse,"['conan', 'vcpkg']","[0, 0]",0
115,kcp,"['conan', 'vcpkg']","[0, 0]",0
112,enet,"['conan', 'vcpkg']","[0, 0]",0
111,tree-sitter-c,"['cargo', 'conan']","[0, 0]",0
108,pbtools,"['cargo', 'conan']","[0, 0]",0
79,h3,"['conan', 'vcpkg']","[0, 0]",0
105,spectra,"['conan', 'vcpkg']","[0, 0]",0
104,caf,"['conan', 'vcpkg']","[0, 0]",0
102,tinysearch,"['cargo', 'npm']","[0, 0]",0
101,ktx,"['conan', 'vcpkg']","[0, 0]",0
98,stx,"['conan', 'vcpkg']","[0, 0]",0
95,wt,"['conan', 'vcpkg']","[0, 0]",0
94,physx,"['conan', 'vcpkg']","[0, 0]",0
90,hyperscan,"['conan', 'vcpkg']","[0, 0]",0
87,libsvm,"['conan', 'vcpkg']","[0, 0]",0
86,arcus,"['conan', 'vcpkg']","[0, 0]",0
85,sl,"['chromebrew', 'homebrew']","[0, 0]",0
84,netperf,"['chromebrew', 'homebrew']","[0, 0]",0
82,moc,"['chromebrew', 'homebrew']","[0, 0]",0
80,grafbase,"['cargo', 'npm']","[0, 0]",0
319,cpp-httplib,"['conan', 'vcpkg']","[0, 0]",0
321,cppitertools,"['conan', 'vcpkg']","[0, 0]",0
571,devel/qgit,"['freebsd12', 'openbsd69']","[0, 0]",0
471,databases/phppgadmin,"['freebsd12', 'netbsd9']","[0, 0]",0
459,audio/umurmur,"['freebsd12', 'openbsd69']","[0, 0]",0
460,audio/vimpc,"['freebsd12', 'netbsd9']","[0, 0]",0
462,archivers/lua-zlib,"['freebsd12', 'netbsd9']","[0, 0]",0
463,archivers/ocaml-zip,"['freebsd12', 'netbsd9']","[0, 0]",0
468,archivers/xarchiver,"['freebsd12', 'netbsd9']","[0, 0]",0
470,databases/pgmodeler,"['freebsd12', 'openbsd69']","[0, 0]",0
479,devel/dasm,"['freebsd12', 'openbsd69']","[0, 0]",0
430,xbyak,"['conan', 'vcpkg']","[0, 0]",0
480,devel/distcc,"['freebsd12', 'netbsd9', 'openbsd69']","[0, 0, 0]",0
482,devel/leiningen,"['freebsd12', 'openbsd69']","[0, 0]",0
487,devel/lua-posix,"['freebsd12', 'netbsd9']","[0, 0]",0
489,databases/sqlitebrowser,"['freebsd12', 'openbsd69']","[0, 0]",0
490,databases/timescaledb,"['freebsd12', 'openbsd69']","[0, 0]",0
492,databases/innotop,"['freebsd12', 'netbsd9']","[0, 0]",0
458,audio/squeezelite,"['freebsd12', 'openbsd69']","[0, 0]",0
457,audio/sonata,"['freebsd12', 'netbsd9', 'openbsd69']","[0, 0, 0]",0
456,audio/pithos,"['freebsd12', 'openbsd69']","[0, 0]",0
455,comms/xastir,"['freebsd12', 'openbsd69']","[0, 0]",0
454,comms/tio,"['freebsd12', 'netbsd9']","[0, 0]",0
453,comms/py-esptool,"['freebsd12', 'netbsd9']","[0, 0]",0
452,comms/picocom,"['freebsd12', 'netbsd9', 'openbsd69']","[0, 0, 0]",0
451,ghc-filesystem,"['conan', 'vcpkg']","[0, 0]",0
449,gamenetworkingsockets,"['conan', 'vcpkg']","[0, 0]",0
446,ftxui,"['conan', 'vcpkg']","[0, 0]",0
445,frugally-deep,"['conan', 'vcpkg']","[0, 0]",0
443,foxi,"['conan', 'vcpkg']","[0, 0]",0
442,fast-cpp-csv-parser,"['conan', 'vcpkg']","[0, 0]",0
441,ezc3d,"['conan', 'vcpkg']","[0, 0]",0
440,exprtk,"['conan', 'vcpkg']","[0, 0]",0
438,zfp,"['conan', 'vcpkg']","[0, 0]",0
433,xqilla,"['conan', 'vcpkg']","[0, 0]",0
498,devel/git-cola,"['freebsd12', 'openbsd69']","[0, 0]",0
501,devel/hub,"['freebsd12', 'openbsd69']","[0, 0]",0
503,devel/py-adb,"['freebsd12', 'netbsd9']","[0, 0]",0
537,biology/fastx-toolkit,"['freebsd12', 'netbsd9']","[0, 0]",0
570,devel/qconf,"['freebsd12', 'netbsd9']","[0, 0]",0
569,editors/hexedit,"['freebsd12', 'openbsd69']","[0, 0]",0
568,editors/ghostwriter,"['freebsd12', 'openbsd69']","[0, 0]",0
556,comms/dump1090,"['freebsd12', 'openbsd69']","[0, 0]",0
551,devel/py-rauth,"['freebsd12', 'netbsd9']","[0, 0]",0
550,audio/ncspot,"['freebsd12', 'openbsd69']","[0, 0]",0
548,cad/qcad,"['freebsd12', 'openbsd69']","[0, 0]",0
547,cad/librecad,"['freebsd12', 'openbsd69']","[0, 0]",0
545,cad/fritzing,"['freebsd12', 'openbsd69']","[0, 0]",0
543,biology/vsearch,"['freebsd12', 'netbsd9']","[0, 0]",0
542,biology/vcf2hap,"['freebsd12', 'netbsd9']","[0, 0]",0
541,biology/vcf-split,"['freebsd12', 'netbsd9']","[0, 0]",0
540,biology/peak-classifier,"['freebsd12', 'netbsd9']","[0, 0]",0
538,biology/generand,"['freebsd12', 'netbsd9']","[0, 0]",0
533,biology/biolibc-tools,"['freebsd12', 'netbsd9']","[0, 0]",0
505,astro/stellarium,"['freebsd12', 'openbsd69']","[0, 0]",0
532,biology/ad2vcf,"['freebsd12', 'netbsd9']","[0, 0]",0
531,benchmarks/wrk,"['freebsd12', 'openbsd69']","[0, 0]",0
530,benchmarks/netperf,"['freebsd12', 'openbsd69']","[0, 0]",0
529,benchmarks/hyperfine,"['freebsd12', 'openbsd69']","[0, 0]",0
527,benchmarks/glmark2,"['freebsd12', 'netbsd9']","[0, 0]",0
526,benchmarks/filebench,"['freebsd12', 'netbsd9']","[0, 0]",0
525,audio/ympd,"['freebsd12', 'openbsd69']","[0, 0]",0
515,audio/milkytracker,"['freebsd12', 'openbsd69']","[0, 0]",0
512,audio/jack_umidi,"['freebsd12', 'netbsd9']","[0, 0]",0
511,audio/gradio,"['freebsd12', 'openbsd69']","[0, 0]",0
509,audio/cmus,"['freebsd12', 'openbsd69']","[0, 0]",0
508,audio/cantata,"['freebsd12', 'netbsd9']","[0, 0]",0
507,audio/audacity,"['freebsd12', 'openbsd69']","[0, 0]",0
506,audio/adplay,"['freebsd12', 'netbsd9']","[0, 0]",0
432,xorstr,"['conan', 'vcpkg']","[0, 0]",0
425,uvw,"['conan', 'vcpkg']","[0, 0]",0
322,cpp-jwt,"['conan', 'vcpkg']","[0, 0]",0
361,oatpp-openssl,"['conan', 'vcpkg']","[0, 0]",0
353,mp-units,"['conan', 'vcpkg']","[0, 0]",0
355,nativefiledialog,"['conan', 'vcpkg']","[0, 0]",0
356,neargye-semver,"['conan', 'vcpkg']","[0, 0]",0
357,nsync,"['conan', 'vcpkg']","[0, 0]",0
358,nuklear,"['conan', 'vcpkg']","[0, 0]",0
360,oatpp-libressl,"['conan', 'vcpkg']","[0, 0]",0
362,oatpp-postgresql,"['conan', 'vcpkg']","[0, 0]",0
422,trompeloeil,"['conan', 'vcpkg']","[0, 0]",0
363,oatpp-sqlite,"['conan', 'vcpkg']","[0, 0]",0
364,oatpp-swagger,"['conan', 'vcpkg']","[0, 0]",0
365,oatpp-websocket,"['conan', 'vcpkg']","[0, 0]",0
369,pcapplusplus,"['conan', 'vcpkg']","[0, 0]",0
370,pdcurses,"['conan', 'vcpkg']","[0, 0]",0
372,pprint,"['conan', 'vcpkg']","[0, 0]",0
352,mpmcqueue,"['conan', 'vcpkg']","[0, 0]",0
351,morton-nd,"['conan', 'vcpkg']","[0, 0]",0
350,minizip-ng,"['conan', 'vcpkg']","[0, 0]",0
345,mailio,"['conan', 'vcpkg']","[0, 0]",0
344,log4cxx,"['conan', 'vcpkg']","[0, 0]",0
343,libzippp,"['conan', 'vcpkg']","[0, 0]",0
342,libui,"['conan', 'vcpkg']","[0, 0]",0
341,libqrencode,"['conan', 'vcpkg']","[0, 0]",0
339,liblsl,"['conan', 'vcpkg']","[0, 0]",0
338,libkml,"['conan', 'vcpkg']","[0, 0]",0
337,libjxl,"['conan', 'vcpkg']","[0, 0]",0
334,effolkronium-random,"['conan', 'vcpkg']","[0, 0]",0
333,edlib,"['conan', 'vcpkg']","[0, 0]",0
328,dbg-macro,"['conan', 'vcpkg']","[0, 0]",0
327,cxxopts,"['conan', 'vcpkg']","[0, 0]",0
326,cwalk,"['conan', 'vcpkg']","[0, 0]",0
323,cppkafka,"['conan', 'vcpkg']","[0, 0]",0
377,qt-advanced-docking-system,"['conan', 'vcpkg']","[0, 0]",0
379,rapidcheck,"['conan', 'vcpkg']","[0, 0]",0
380,readerwriterqueue,"['conan', 'vcpkg']","[0, 0]",0
404,tcb-span,"['conan', 'vcpkg']","[0, 0]",0
420,tlx,"['conan', 'vcpkg']","[0, 0]",0
418,tinyspline,"['conan', 'vcpkg']","[0, 0]",0
417,tiny-regex-c,"['conan', 'vcpkg']","[0, 0]",0
416,tinyply,"['conan', 'vcpkg']","[0, 0]",0
415,tinygltf,"['conan', 'vcpkg']","[0, 0]",0
414,tinyexr,"['conan', 'vcpkg']","[0, 0]",0
413,tiny-dnn,"['conan', 'vcpkg']","[0, 0]",0
412,tinydir,"['conan', 'vcpkg']","[0, 0]",0
411,tiny-bignum-c,"['conan', 'vcpkg']","[0, 0]",0
410,tiny-aes-c,"['conan', 'vcpkg']","[0, 0]",0
409,tgc,"['conan', 'vcpkg']","[0, 0]",0
408,tensorpipe,"['conan', 'vcpkg']","[0, 0]",0
407,getdns,"['conan', 'vcpkg']","[0, 0]",0
406,g3log,"['conan', 'vcpkg']","[0, 0]",0
403,status-value-lite,"['conan', 'vcpkg']","[0, 0]",0
381,redis-plus-plus,"['conan', 'vcpkg']","[0, 0]",0
401,sqlitecpp,"['conan', 'vcpkg']","[0, 0]",0
400,spscqueue,"['conan', 'vcpkg']","[0, 0]",0
396,soxr,"['conan', 'vcpkg']","[0, 0]",0
394,soci,"['conan', 'vcpkg']","[0, 0]",0
392,so5extra,"['conan', 'vcpkg']","[0, 0]",0
391,simdutf,"['conan', 'vcpkg']","[0, 0]",0
390,serdepp,"['conan', 'vcpkg']","[0, 0]",0
389,safeint,"['conan', 'vcpkg']","[0, 0]",0
388,rttr,"['conan', 'vcpkg']","[0, 0]",0
386,rmlui,"['conan', 'vcpkg']","[0, 0]",0
385,ring-span-lite,"['conan', 'vcpkg']","[0, 0]",0
384,restinio,"['conan', 'vcpkg']","[0, 0]",0
383,replxx,"['conan', 'vcpkg']","[0, 0]",0
382,refl-cpp,"['conan', 'vcpkg']","[0, 0]",0
852,www/sqtop,"['openbsd69', 'netbsd9']","[0, 0]",0
